offense_type,ipc_section,suggestion
"Assault","IPC 351 to 357","Assault charges under IPC Sections 351 to 357 involve the use of force or threats. For bail decisions, the severity of the assault and the accused's prior record are considered. Minor offenses may be eligible for bail, while serious cases might require a strong defense."
"Cybercrime","IT Act 66","Cybercrime under the IT Act 66 involves offenses related to electronic communication and data theft. Bail may be challenging if there is a risk of tampering with digital evidence. Legal representation is crucial to understand the intricacies of cyber laws."
"Fraud","IPC 420","Fraud under IPC Section 420 involves dishonestly inducing someone to deliver property. Bail eligibility depends on factors like the amount involved and the accused's criminal history. A thorough legal strategy can be essential for a favorable outcome."
"Robbery","IPC 390","Robbery charges under IPC Section 390 involve theft with violence or threat of violence. Bail is often difficult to obtain if violence was used or if there is a risk of re-offending. Legal advice can help in understanding the implications of these charges."
"Terrorism","UAPA","Under the Unlawful Activities (Prevention) Act (UAPA), terrorism charges are severe, and bail is rarely granted. The seriousness of the offense and potential threat to public safety are major factors. Legal counsel is essential for navigating these complex charges."
"Domestic Violence","Protection of Women from Domestic Violence Act","Domestic violence cases involve the Protection of Women from Domestic Violence Act. Bail may be granted depending on the nature of the offense and threat to the victim. Consulting with a lawyer can provide guidance based on the specifics of the case."
"Drug Offense","NDPS Act","Drug offenses under the NDPS Act involve strict regulations on possession and trafficking. Bail decisions depend on factors such as the quantity of drugs and prior convictions. Legal advice is crucial to understanding the NDPS Act and its implications for bail."
"Theft","IPC 378","Theft under IPC Section 378 involves the dishonest removal of property. Bail may be granted based on the value of the stolen property and whether violence was involved. Legal guidance can help in evaluating the case based on IPC provisions."
"Vandalism","IPC 427","Vandalism under IPC Section 427 involves causing damage to property. Bail may be granted depending on the extent of the damage and whether the accused has a history of similar offenses. Legal advice can help in understanding the potential consequences."
"Sexual Assault","IPC 376","Sexual assault under IPC Section 376 involves non-consensual sexual acts. Bail is often difficult to obtain due to the severity of the crime. Legal representation is important to navigate the legal challenges and ensure a fair process."
"Fraud","IPC 420","Fraud under IPC Section 420 involves cheating and dishonestly inducing delivery of property. Bail decisions are influenced by the seriousness of the fraud and the accused's prior record. Seeking legal counsel is crucial for addressing these charges effectively."
"Crimes Against Women","IPC 498A","Crimes against women under IPC Section 498A involve cruelty by husband or his relatives. Bail may be granted based on the evidence and circumstances. Legal representation can help in understanding the nuances of these cases."
"Crimes Against SCs and STs","SC/ST Act","The SC/ST Act deals with offenses against Scheduled Castes and Scheduled Tribes. Bail is typically harder to obtain due to the protective nature of the law. Legal advice is essential to navigate the complexities of these cases."
"Financial Fraud","IPC 420","Financial fraud involving substantial sums can lead to bail denial, especially if there's a risk of tampering with evidence or fleeing. Understanding IPC Section 420 and consulting with legal experts is crucial for a robust defense."
"Extortion","IPC 383","Extortion under IPC Section 383 involves coercion for obtaining property or money. Bail eligibility depends on the nature of the coercion and prior criminal history. Legal guidance can help in understanding the implications and preparing a defense."
